1. INNER JOIN 구현

   - 성적처리:
     학번,이름,전화번호,TOEIC,컴퓨터,전공2,총점,평균,석차

```SQL
  SELECT 
  grade.학번,
  student.이름,
  student.전화번호,
  grade.TOEIC,
  grade.컴퓨터,
  grade.전공2,
  grade.TOEIC+grade.컴퓨터+grade.전공2 AS `총점`,
  ROUND((grade.TOEIC+grade.컴퓨터+grade.전공2/3), 2) AS `평균`,
  RANK() OVER(ORDER BY `평균` DESC) AS `석차`
  FROM `grade`
  INNER JOIN `student`
  ON student.학번 = grade.학번
  ORDER BY grade.학번 ASC;
+---------+-----------+--------------+-------+-----------+---------+--------+--------+--------+
| 학번    | 이름      | 전화번호     | TOEIC | 컴퓨터    | 전공2   | 총점   | 평균   | 석차   |
+---------+-----------+--------------+-------+-----------+---------+--------+--------+--------+
| A03-001 | 너일주    | 887-2810     |    68 |       100 |      51 |    219 | 185.00 |      9 |
| A03-002 | 김영란    | 882-2548     |    77 |        60 |      63 |    200 | 158.00 |     25 |
| A03-003 | 박성미    | 845-8874     |    87 |        84 |      63 |    234 | 192.00 |      3 |
| A03-004 | 서원석    | 804-4858     |    72 |        96 |      77 |    245 | 193.67 |      2 |
| A03-005 | 권은영    | 784-2288     |    50 |        84 |      79 |    213 | 160.33 |     24 |
| A03-006 | 김건남    | 882-2884     |    56 |        99 |      95 |    250 | 186.67 |      7 |
| A03-007 | 김상철    | 842-8287     |    77 |        77 |      92 |    246 | 184.67 |     11 |
| A03-008 | 최옥자    | 828-8458     |    79 |        94 |      96 |    269 | 205.00 |      1 |
| A03-009 | 한영희    | 8254-785     |    65 |        73 |      82 |    220 | 165.33 |     23 |
| A03-010 | 민들레    | 857-4722     |    74 |        92 |      73 |    239 | 190.33 |      5 |
| A03-011 | 송현우    | 845-7588     |    52 |        78 |      60 |    190 | 150.00 |     26 |
| A03-012 | 이욱현    | 882-4725     |    76 |        65 |      88 |    229 | 170.33 |     22 |
| A03-013 | 황유선    | 845-7482     |    61 |        98 |      68 |    227 | 181.67 |     14 |
| A03-014 | 심상섭    | 285-8010     |    86 |        66 |      87 |    239 | 181.00 |     16 |
| A03-015 | 이창섭    | 825-2000     |    84 |        70 |      59 |    213 | 173.67 |     20 |
| A03-016 | 손범수    | 724-4520     |    97 |        53 |      79 |    229 | 176.33 |     19 |
| A03-017 | 진양혜    | 825-2722     |    68 |        50 |      89 |    207 | 147.67 |     27 |
| A03-018 | 김미숙    | 218-8572     |    64 |        59 |      53 |    176 | 140.67 |     29 |
| A03-019 | 곽영일    | 528-4887     |    51 |        97 |      90 |    238 | 178.00 |     17 |
| A03-020 | 오성식    | 827-8475     |    86 |        68 |      59 |    213 | 173.67 |     20 |
| A03-021 | 배동진    | 578-7820     |    82 |        88 |      54 |    224 | 188.00 |      6 |
| A03-022 | 이창명    | 287-2887     |    97 |        68 |      52 |    217 | 182.33 |     13 |
| A03-023 | 배유정    | 780-4751     |    55 |        68 |      66 |    189 | 145.00 |     28 |
| A03-024 | 이무열    | 485-8872     |    89 |        66 |      66 |    221 | 177.00 |     18 |
| A03-025 | 이숙영    | 784-8825     |    92 |        64 |      76 |    232 | 181.33 |     15 |
| A03-026 | 김광배    | 858-8274     |    71 |        97 |      68 |    236 | 190.67 |      4 |
| A03-027 | 양창석    | 488-8284     |    76 |        80 |      92 |    248 | 186.67 |      7 |
| A03-028 | 서호형    | 828-8048     |    52 |        56 |      92 |    200 | 138.67 |     30 |
| A03-029 | 이철형    | 750-2824     |    87 |        78 |      60 |    225 | 185.00 |      9 |
| A03-030 | 조숙희    | 845-8528     |    93 |        59 |      97 |    249 | 184.33 |     12 |
+---------+-----------+--------------+-------+-----------+---------+--------+--------+--------+
30 rows in set (0.001 sec)

```

2. -- LEFT JOIN 구현

- 성적처리:
  학번,이름,전화번호,TOEIC,컴퓨터,전공2,총점,평균,석차

```SQL
  SELECT 
  grade.학번,
  student.이름,
  student.전화번호,
  grade.TOEIC,
  grade.컴퓨터,
  grade.전공2,
  grade.TOEIC+grade.컴퓨터+grade.전공2 AS `총점`,
  ROUND((grade.TOEIC+grade.컴퓨터+grade.전공2/3), 2) AS `평균`,
  RANK() OVER(ORDER BY `평균` DESC) AS `석차`
  FROM `grade`
  LEFT JOIN `student`
  ON student.학번 = grade.학번
  ORDER BY grade.학번 ASC;
+---------+-----------+--------------+-------+-----------+---------+--------+--------+--------+
| 학번    | 이름      | 전화번호     | TOEIC | 컴퓨터    | 전공2   | 총점   | 평균   | 석차   |
+---------+-----------+--------------+-------+-----------+---------+--------+--------+--------+
| A03-001 | 너일주    | 887-2810     |    68 |       100 |      51 |    219 | 185.00 |      9 |
| A03-002 | 김영란    | 882-2548     |    77 |        60 |      63 |    200 | 158.00 |     25 |
| A03-003 | 박성미    | 845-8874     |    87 |        84 |      63 |    234 | 192.00 |      3 |
| A03-004 | 서원석    | 804-4858     |    72 |        96 |      77 |    245 | 193.67 |      2 |
| A03-005 | 권은영    | 784-2288     |    50 |        84 |      79 |    213 | 160.33 |     24 |
| A03-006 | 김건남    | 882-2884     |    56 |        99 |      95 |    250 | 186.67 |      7 |
| A03-007 | 김상철    | 842-8287     |    77 |        77 |      92 |    246 | 184.67 |     11 |
| A03-008 | 최옥자    | 828-8458     |    79 |        94 |      96 |    269 | 205.00 |      1 |
| A03-009 | 한영희    | 8254-785     |    65 |        73 |      82 |    220 | 165.33 |     23 |
| A03-010 | 민들레    | 857-4722     |    74 |        92 |      73 |    239 | 190.33 |      5 |
| A03-011 | 송현우    | 845-7588     |    52 |        78 |      60 |    190 | 150.00 |     26 |
| A03-012 | 이욱현    | 882-4725     |    76 |        65 |      88 |    229 | 170.33 |     22 |
| A03-013 | 황유선    | 845-7482     |    61 |        98 |      68 |    227 | 181.67 |     14 |
| A03-014 | 심상섭    | 285-8010     |    86 |        66 |      87 |    239 | 181.00 |     16 |
| A03-015 | 이창섭    | 825-2000     |    84 |        70 |      59 |    213 | 173.67 |     20 |
| A03-016 | 손범수    | 724-4520     |    97 |        53 |      79 |    229 | 176.33 |     19 |
| A03-017 | 진양혜    | 825-2722     |    68 |        50 |      89 |    207 | 147.67 |     27 |
| A03-018 | 김미숙    | 218-8572     |    64 |        59 |      53 |    176 | 140.67 |     29 |
| A03-019 | 곽영일    | 528-4887     |    51 |        97 |      90 |    238 | 178.00 |     17 |
| A03-020 | 오성식    | 827-8475     |    86 |        68 |      59 |    213 | 173.67 |     20 |
| A03-021 | 배동진    | 578-7820     |    82 |        88 |      54 |    224 | 188.00 |      6 |
| A03-022 | 이창명    | 287-2887     |    97 |        68 |      52 |    217 | 182.33 |     13 |
| A03-023 | 배유정    | 780-4751     |    55 |        68 |      66 |    189 | 145.00 |     28 |
| A03-024 | 이무열    | 485-8872     |    89 |        66 |      66 |    221 | 177.00 |     18 |
| A03-025 | 이숙영    | 784-8825     |    92 |        64 |      76 |    232 | 181.33 |     15 |
| A03-026 | 김광배    | 858-8274     |    71 |        97 |      68 |    236 | 190.67 |      4 |
| A03-027 | 양창석    | 488-8284     |    76 |        80 |      92 |    248 | 186.67 |      7 |
| A03-028 | 서호형    | 828-8048     |    52 |        56 |      92 |    200 | 138.67 |     30 |
| A03-029 | 이철형    | 750-2824     |    87 |        78 |      60 |    225 | 185.00 |      9 |
| A03-030 | 조숙희    | 845-8528     |    93 |        59 |      97 |    249 | 184.33 |     12 |
+---------+-----------+--------------+-------+-----------+---------+--------+--------+--------+
30 rows in set (0.001 sec)

```

3. -- RIGHT JOIN 구현

- 성적처리:
  학번,이름,전화번호,TOEIC,컴퓨터,전공2,총점,평균,석차

```SQL
  SELECT 
  student.학번,
  student.이름,
  student.전화번호,
  grade.TOEIC,
  grade.컴퓨터,
  grade.전공2,
  grade.TOEIC+grade.컴퓨터+grade.전공2 AS `총점`,
  ROUND((grade.TOEIC+grade.컴퓨터+grade.전공2/3), 2) AS `평균`,
  RANK() OVER(ORDER BY `평균` DESC) AS `석차`
  FROM `grade`
  RIGHT JOIN `student`
  ON student.학번 = grade.학번
  ORDER BY student.학번 ASC;
+---------+-----------+--------------+-------+-----------+---------+--------+--------+--------+
| 학번    | 이름      | 전화번호     | TOEIC | 컴퓨터    | 전공2   | 총점   | 평균   | 석차   |
+---------+-----------+--------------+-------+-----------+---------+--------+--------+--------+
| A03-001 | 너일주    | 887-2810     |    68 |       100 |      51 |    219 | 185.00 |      9 |
| A03-002 | 김영란    | 882-2548     |    77 |        60 |      63 |    200 | 158.00 |     25 |
| A03-003 | 박성미    | 845-8874     |    87 |        84 |      63 |    234 | 192.00 |      3 |
| A03-004 | 서원석    | 804-4858     |    72 |        96 |      77 |    245 | 193.67 |      2 |
| A03-005 | 권은영    | 784-2288     |    50 |        84 |      79 |    213 | 160.33 |     24 |
| A03-006 | 김건남    | 882-2884     |    56 |        99 |      95 |    250 | 186.67 |      7 |
| A03-007 | 김상철    | 842-8287     |    77 |        77 |      92 |    246 | 184.67 |     11 |
| A03-008 | 최옥자    | 828-8458     |    79 |        94 |      96 |    269 | 205.00 |      1 |
| A03-009 | 한영희    | 8254-785     |    65 |        73 |      82 |    220 | 165.33 |     23 |
| A03-010 | 민들레    | 857-4722     |    74 |        92 |      73 |    239 | 190.33 |      5 |
| A03-011 | 송현우    | 845-7588     |    52 |        78 |      60 |    190 | 150.00 |     26 |
| A03-012 | 이욱현    | 882-4725     |    76 |        65 |      88 |    229 | 170.33 |     22 |
| A03-013 | 황유선    | 845-7482     |    61 |        98 |      68 |    227 | 181.67 |     14 |
| A03-014 | 심상섭    | 285-8010     |    86 |        66 |      87 |    239 | 181.00 |     16 |
| A03-015 | 이창섭    | 825-2000     |    84 |        70 |      59 |    213 | 173.67 |     20 |
| A03-016 | 손범수    | 724-4520     |    97 |        53 |      79 |    229 | 176.33 |     19 |
| A03-017 | 진양혜    | 825-2722     |    68 |        50 |      89 |    207 | 147.67 |     27 |
| A03-018 | 김미숙    | 218-8572     |    64 |        59 |      53 |    176 | 140.67 |     29 |
| A03-019 | 곽영일    | 528-4887     |    51 |        97 |      90 |    238 | 178.00 |     17 |
| A03-020 | 오성식    | 827-8475     |    86 |        68 |      59 |    213 | 173.67 |     20 |
| A03-021 | 배동진    | 578-7820     |    82 |        88 |      54 |    224 | 188.00 |      6 |
| A03-022 | 이창명    | 287-2887     |    97 |        68 |      52 |    217 | 182.33 |     13 |
| A03-023 | 배유정    | 780-4751     |    55 |        68 |      66 |    189 | 145.00 |     28 |
| A03-024 | 이무열    | 485-8872     |    89 |        66 |      66 |    221 | 177.00 |     18 |
| A03-025 | 이숙영    | 784-8825     |    92 |        64 |      76 |    232 | 181.33 |     15 |
| A03-026 | 김광배    | 858-8274     |    71 |        97 |      68 |    236 | 190.67 |      4 |
| A03-027 | 양창석    | 488-8284     |    76 |        80 |      92 |    248 | 186.67 |      7 |
| A03-028 | 서호형    | 828-8048     |    52 |        56 |      92 |    200 | 138.67 |     30 |
| A03-029 | 이철형    | 750-2824     |    87 |        78 |      60 |    225 | 185.00 |      9 |
| A03-030 | 조숙희    | 845-8528     |    93 |        59 |      97 |    249 | 184.33 |     12 |
+---------+-----------+--------------+-------+-----------+---------+--------+--------+--------+
30 rows in set (0.001 sec)

```

4. -- OUTER JOIN 구현

- 성적처리:
  학번,이름,전화번호,TOEIC,컴퓨터,전공2,총점,평균,석차

```SQL
  SELECT 
  grade.학번,
  student.이름,
  student.전화번호,
  grade.TOEIC,
  grade.컴퓨터,
  grade.전공2,
  grade.TOEIC+grade.컴퓨터+grade.전공2 AS `총점`,
  ROUND((grade.TOEIC+grade.컴퓨터+grade.전공2/3), 2) AS `평균`,
  RANK() OVER(ORDER BY `평균` DESC) AS `석차`
  FROM `grade`
  LEFT JOIN `student`
  ON student.학번 = grade.학번
  UNION
  SELECT 
  grade.학번,
  student.이름,
  student.전화번호,
  grade.TOEIC,
  grade.컴퓨터,
  grade.전공2,
  grade.TOEIC+grade.컴퓨터+grade.전공2 AS `총점`,
  ROUND((grade.TOEIC+grade.컴퓨터+grade.전공2/3), 2) AS `평균`,
  RANK() OVER(ORDER BY `평균` DESC) AS `석차`
  FROM `grade`
  RIGHT JOIN `student`
  ON student.학번 = grade.학번;
  +---------+-----------+--------------+-------+-----------+---------+--------+--------+--------+
| 학번    | 이름      | 전화번호     | TOEIC | 컴퓨터    | 전공2   | 총점   | 평균   | 석차   |
+---------+-----------+--------------+-------+-----------+---------+--------+--------+--------+
| A03-008 | 최옥자    | 828-8458     |    79 |        94 |      96 |    269 | 205.00 |      1 |
| A03-004 | 서원석    | 804-4858     |    72 |        96 |      77 |    245 | 193.67 |      2 |
| A03-003 | 박성미    | 845-8874     |    87 |        84 |      63 |    234 | 192.00 |      3 |
| A03-026 | 김광배    | 858-8274     |    71 |        97 |      68 |    236 | 190.67 |      4 |
| A03-010 | 민들레    | 857-4722     |    74 |        92 |      73 |    239 | 190.33 |      5 |
| A03-021 | 배동진    | 578-7820     |    82 |        88 |      54 |    224 | 188.00 |      6 |
| A03-006 | 김건남    | 882-2884     |    56 |        99 |      95 |    250 | 186.67 |      7 |
| A03-027 | 양창석    | 488-8284     |    76 |        80 |      92 |    248 | 186.67 |      7 |
| A03-029 | 이철형    | 750-2824     |    87 |        78 |      60 |    225 | 185.00 |      9 |
| A03-001 | 너일주    | 887-2810     |    68 |       100 |      51 |    219 | 185.00 |      9 |
| A03-007 | 김상철    | 842-8287     |    77 |        77 |      92 |    246 | 184.67 |     11 |
| A03-030 | 조숙희    | 845-8528     |    93 |        59 |      97 |    249 | 184.33 |     12 |
| A03-022 | 이창명    | 287-2887     |    97 |        68 |      52 |    217 | 182.33 |     13 |
| A03-013 | 황유선    | 845-7482     |    61 |        98 |      68 |    227 | 181.67 |     14 |
| A03-025 | 이숙영    | 784-8825     |    92 |        64 |      76 |    232 | 181.33 |     15 |
| A03-014 | 심상섭    | 285-8010     |    86 |        66 |      87 |    239 | 181.00 |     16 |
| A03-019 | 곽영일    | 528-4887     |    51 |        97 |      90 |    238 | 178.00 |     17 |
| A03-024 | 이무열    | 485-8872     |    89 |        66 |      66 |    221 | 177.00 |     18 |
| A03-016 | 손범수    | 724-4520     |    97 |        53 |      79 |    229 | 176.33 |     19 |
| A03-020 | 오성식    | 827-8475     |    86 |        68 |      59 |    213 | 173.67 |     20 |
| A03-015 | 이창섭    | 825-2000     |    84 |        70 |      59 |    213 | 173.67 |     20 |
| A03-012 | 이욱현    | 882-4725     |    76 |        65 |      88 |    229 | 170.33 |     22 |
| A03-009 | 한영희    | 8254-785     |    65 |        73 |      82 |    220 | 165.33 |     23 |
| A03-005 | 권은영    | 784-2288     |    50 |        84 |      79 |    213 | 160.33 |     24 |
| A03-002 | 김영란    | 882-2548     |    77 |        60 |      63 |    200 | 158.00 |     25 |
| A03-011 | 송현우    | 845-7588     |    52 |        78 |      60 |    190 | 150.00 |     26 |
| A03-017 | 진양혜    | 825-2722     |    68 |        50 |      89 |    207 | 147.67 |     27 |
| A03-023 | 배유정    | 780-4751     |    55 |        68 |      66 |    189 | 145.00 |     28 |
| A03-018 | 김미숙    | 218-8572     |    64 |        59 |      53 |    176 | 140.67 |     29 |
| A03-028 | 서호형    | 828-8048     |    52 |        56 |      92 |    200 | 138.67 |     30 |
+---------+-----------+--------------+-------+-----------+---------+--------+--------+--------+
30 rows in set (0.001 sec)

```
